STRUCTURE,STRUCTURE_ID,STRUCTURE_NAME,ACTION,REF_AREA,Country,FREQ,Frequency of observation,MEASURE,Measure,UNIT_MEASURE,Unit of measure,PRICE_BASE,Price base,TRANSFORMATION,Transformation,TIME_PERIOD,Time period,R&D_Spend_MillionUSD,Observation value,OBS_STATUS,Observation status,OBS_STATUS_2,Observation status 2,OBS_STATUS_3,Observation status 3,AUX_OBS_STATUS,Aux observation status,CONF_STATUS,Confidentiality status,UNIT_MULT,Unit multiplier,BASE_PER,Base year,DECIMALS,Decimals
DATAFLOW,OECD.STI.STP:DSD_MSTI@DF_MSTI(1.3),Main Science and Technology Indicators (MSTI database),I,JPN,Japan,A,Annual,G,Gross Domestic Expenditure on R&D (GERD),USD_PPP,"US dollars, PPP converted",Q,Constant prices,_Z,Not applicable,2012,,166269.9037,,,,,,,,,,,,6,Millions,2020.0,,0,Zero
DATAFLOW,OECD.STI.STP:DSD_MSTI@DF_MSTI(1.3),Main Science and Technology Indicators (MSTI database),I,JPN,Japan,A,Annual,G,Gross Domestic Expenditure on R&D (GERD),USD_PPP,"US dollars, PPP converted",Q,Constant prices,_Z,Not applicable,2011,,165651.3114,,,,,,,,,,,,6,Millions,2020.0,,0,Zero
DATAFLOW,OECD.STI.STP:DSD_MSTI@DF_MSTI(1.3),Main Science and Technology Indicators (MSTI database),I,JPN,Japan,A,Annual,G,Gross Domestic Expenditure on R&D (GERD),USD_PPP,"US dollars, PPP converted",Q,Constant prices,_Z,Not applicable,2010,,160423.746,,,,,,,,,,,,6,Millions,2020.0,,0,Zero
DATAFLOW,OECD.STI.STP:DSD_MSTI@DF_MSTI(1.3),Main Science and Technology Indicators (MSTI database),I,DEU,Germany,A,Annual,G,Gross Domestic Expenditure on R&D (GERD),USD_PPP,"US dollars, PPP converted",V,Current prices,_Z,Not applicable,2023,,178970.4007,,P,Provisional value,,,,,,,,,6,Millions,,,0,Zero
DATAFLOW,OECD.STI.STP:DSD_MSTI@DF_MSTI(1.3),Main Science and Technology Indicators (MSTI database),I,DEU,Germany,A,Annual,G,Gross Domestic Expenditure on R&D (GERD),USD_PPP,"US dollars, PPP converted",V,Current prices,_Z,Not applicable,2014,,109562.6834,,,,,,,,,,,,6,Millions,,,0,Zero
DATAFLOW,OECD.STI.STP:DSD_MSTI@DF_MSTI(1.3),Main Science and Technology Indicators (MSTI database),I,DEU,Germany,A,Annual,G,Gross Domestic Expenditure on R&D (GERD),USD_PPP,"US dollars, PPP converted",Q,Constant prices,_Z,Not applicable,2022,,157502.8838,,P,Provisional value,,,,,,,,,6,Millions,2020.0,,0,Zero
DATAFLOW,OECD.STI.STP:DSD_MSTI@DF_MSTI(1.3),Main Science and Technology Indicators (MSTI database),I,DEU,Germany,A,Annual,G,Gross Domestic Expenditure on R&D (GERD),USD_PPP,"US dollars, PPP converted",Q,Constant prices,_Z,Not applicable,2021,,155761.1884,,P,Provisional value,,,,,,,,,6,Millions,2020.0,,0,Zero
DATAFLOW,OECD.STI.STP:DSD_MSTI@DF_MSTI(1.3),Main Science and Technology Indicators (MSTI database),I,DEU,Germany,A,Annual,G,Gross Domestic Expenditure on R&D (GERD),USD_PPP,"US dollars, PPP converted",Q,Constant prices,_Z,Not applicable,2020,,150788.8204,,,,,,,,,,,,6,Millions,2020.0,,0,Zero
DATAFLOW,OECD.STI.STP:DSD_MSTI@DF_MSTI(1.3),Main Science and Technology Indicators (MSTI database),I,DEU,Germany,A,Annual,G,Gross Domestic Expenditure on R&D (GERD),USD_PPP,"US dollars, PPP converted",V,Current prices,_Z,Not applicable,2021,,160158.6052,,,,,,,,,,,,6,Millions,,,0,Zero
DATAFLOW,OECD.STI.STP:DSD_MSTI@DF_MSTI(1.3),Main Science and Technology Indicators (MSTI database),I,DEU,Germany,A,Annual,G,Gross Domestic Expenditure on R&D (GERD),USD_PPP,"US dollars, PPP converted",V,Current prices,_Z,Not applicable,2020,,150788.8204,,,,,,,,,,,,6,Millions,,,0,Zero
DATAFLOW,OECD.STI.STP:DSD_MSTI@DF_MSTI(1.3),Main Science and Technology Indicators (MSTI database),I,AUS,Australia,A,Annual,G,Gross Domestic Expenditure on R&D (GERD),USD_PPP,"US dollars, PPP converted",Q,Constant prices,_Z,Not applicable,2011,,25399.03929,,E,Estimated value,,,,,,,,,6,Millions,2020.0,,0,Zero
DATAFLOW,OECD.STI.STP:DSD_MSTI@DF_MSTI(1.3),Main Science and Technology Indicators (MSTI database),I,AUS,Australia,A,Annual,G,Gross Domestic Expenditure on R&D (GERD),USD_PPP,"US dollars, PPP converted",Q,Constant prices,_Z,Not applicable,2010,,25218.141,,E,Estimated value,,,,,,,,,6,Millions,2020.0,,0,Zero
DATAFLOW,OECD.STI.STP:DSD_MSTI@DF_MSTI(1.3),Main Science and Technology Indicators (MSTI database),I,AUS,Australia,A,Annual,G,Gross Domestic Expenditure on R&D (GERD),USD_PPP,"US dollars, PPP converted",Q,Constant prices,_Z,Not applicable,2021,,25263.77742,,E,Estimated value,,,,,,,,,6,Millions,2020.0,,0,Zero
DATAFLOW,OECD.STI.STP:DSD_MSTI@DF_MSTI(1.3),Main Science and Technology Indicators (MSTI database),I,AUS,Australia,A,Annual,G,Gross Domestic Expenditure on R&D (GERD),USD_PPP,"US dollars, PPP converted",Q,Constant prices,_Z,Not applicable,2019,,25642.45613,,E,Estimated value,,,,,,,,,6,Millions,2020.0,,0,Zero
DATAFLOW,OECD.STI.STP:DSD_MSTI@DF_MSTI(1.3),Main Science and Technology Indicators (MSTI database),I,AUS,Australia,A,Annual,G,Gross Domestic Expenditure on R&D (GERD),USD_PPP,"US dollars, PPP converted",Q,Constant prices,_Z,Not applicable,2017,,25103.4631,,E,Estimated value,,,,,,,,,6,Millions,2020.0,,0,Zero
DATAFLOW,OECD.STI.STP:DSD_MSTI@DF_MSTI(1.3),Main Science and Technology Indicators (MSTI database),I,AUS,Australia,A,Annual,G,Gross Domestic Expenditure on R&D (GERD),USD_PPP,"US dollars, PPP converted",Q,Constant prices,_Z,Not applicable,2015,,24997.20508,,E,Estimated value,,,,,,,,,6,Millions,2020.0,,0,Zero
DATAFLOW,OECD.STI.STP:DSD_MSTI@DF_MSTI(1.3),Main Science and Technology Indicators (MSTI database),I,JPN,Japan,A,Annual,G,Gross Domestic Expenditure on R&D (GERD),USD_PPP,"US dollars, PPP converted",Q,Constant prices,_Z,Not applicable,2019,,179890.8932,,,,,,,,,,,,6,Millions,2020.0,,0,Zero
DATAFLOW,OECD.STI.STP:DSD_MSTI@DF_MSTI(1.3),Main Science and Technology Indicators (MSTI database),I,DEU,Germany,A,Annual,G,Gross Domestic Expenditure on R&D (GERD),USD_PPP,"US dollars, PPP converted",V,Current prices,_Z,Not applicable,2018,,142320.1851,,,,,,,,,,,,6,Millions,,,0,Zero
DATAFLOW,OECD.STI.STP:DSD_MSTI@DF_MSTI(1.3),Main Science and Technology Indicators (MSTI database),I,DEU,Germany,A,Annual,G,Gross Domestic Expenditure on R&D (GERD),USD_PPP,"US dollars, PPP converted",V,Current prices,_Z,Not applicable,2017,,133668.0031,,,,,,,,,,,,6,Millions,,,0,Zero
DATAFLOW,OECD.STI.STP:DSD_MSTI@DF_MSTI(1.3),Main Science and Technology Indicators (MSTI database),I,DEU,Germany,A,Annual,G,Gross Domestic Expenditure on R&D (GERD),USD_PPP,"US dollars, PPP converted",V,Current prices,_Z,Not applicable,2016,,122472.2055,,,,,,,,,,,,6,Millions,,,0,Zero
DATAFLOW,OECD.STI.STP:DSD_MSTI@DF_MSTI(1.3),Main Science and Technology Indicators (MSTI database),I,DEU,Germany,A,Annual,G,Gross Domestic Expenditure on R&D (GERD),USD_PPP,"US dollars, PPP converted",V,Current prices,_Z,Not applicable,2015,,114128.177,,,,,,,,,,,,6,Millions,,,0,Zero
DATAFLOW,OECD.STI.STP:DSD_MSTI@DF_MSTI(1.3),Main Science and Technology Indicators (MSTI database),I,JPN,Japan,A,Annual,G,Gross Domestic Expenditure on R&D (GERD),USD_PPP,"US dollars, PPP converted",Q,Constant prices,_Z,Not applicable,2018,,180671.0809,,B,Time series break,,,,,,,,,6,Millions,2020.0,,0,Zero
DATAFLOW,OECD.STI.STP:DSD_MSTI@DF_MSTI(1.3),Main Science and Technology Indicators (MSTI database),I,JPN,Japan,A,Annual,G,Gross Domestic Expenditure on R&D (GERD),USD_PPP,"US dollars, PPP converted",Q,Constant prices,_Z,Not applicable,2013,,175228.414,,B,Time series break,,,,,,,,,6,Millions,2020.0,,0,Zero
DATAFLOW,OECD.STI.STP:DSD_MSTI@DF_MSTI(1.3),Main Science and Technology Indicators (MSTI database),I,JPN,Japan,A,Annual,G,Gross Domestic Expenditure on R&D (GERD),USD_PPP,"US dollars, PPP converted",Q,Constant prices,_Z,Not applicable,2023,,193910.5303,,,,,,,,,,,,6,Millions,2020.0,,0,Zero
DATAFLOW,OECD.STI.STP:DSD_MSTI@DF_MSTI(1.3),Main Science and Technology Indicators (MSTI database),I,JPN,Japan,A,Annual,G,Gross Domestic Expenditure on R&D (GERD),USD_PPP,"US dollars, PPP converted",Q,Constant prices,_Z,Not applicable,2022,,188830.8444,,,,,,,,,,,,6,Millions,2020.0,,0,Zero
DATAFLOW,OECD.STI.STP:DSD_MSTI@DF_MSTI(1.3),Main Science and Technology Indicators (MSTI database),I,JPN,Japan,A,Annual,G,Gross Domestic Expenditure on R&D (GERD),USD_PPP,"US dollars, PPP converted",Q,Constant prices,_Z,Not applicable,2021,,180098.4031,,,,,,,,,,,,6,Millions,2020.0,,0,Zero
DATAFLOW,OECD.STI.STP:DSD_MSTI@DF_MSTI(1.3),Main Science and Technology Indicators (MSTI database),I,JPN,Japan,A,Annual,G,Gross Domestic Expenditure on R&D (GERD),USD_PPP,"US dollars, PPP converted",V,Current prices,_Z,Not applicable,2010,,140511.5072,,,,,,,,,,,,6,Millions,,,0,Zero
DATAFLOW,OECD.STI.STP:DSD_MSTI@DF_MSTI(1.3),Main Science and Technology Indicators (MSTI database),I,JPN,Japan,A,Annual,G,Gross Domestic Expenditure on R&D (GERD),USD_PPP,"US dollars, PPP converted",V,Current prices,_Z,Not applicable,2023,,213803.5465,,,,,,,,,,,,6,Millions,,,0,Zero
DATAFLOW,OECD.STI.STP:DSD_MSTI@DF_MSTI(1.3),Main Science and Technology Indicators (MSTI database),I,JPN,Japan,A,Annual,G,Gross Domestic Expenditure on R&D (GERD),USD_PPP,"US dollars, PPP converted",V,Current prices,_Z,Not applicable,2022,,201665.2923,,,,,,,,,,,,6,Millions,,,0,Zero
DATAFLOW,OECD.STI.STP:DSD_MSTI@DF_MSTI(1.3),Main Science and Technology Indicators (MSTI database),I,JPN,Japan,A,Annual,G,Gross Domestic Expenditure on R&D (GERD),USD_PPP,"US dollars, PPP converted",V,Current prices,_Z,Not applicable,2021,,182504.4225,,,,,,,,,,,,6,Millions,,,0,Zero
DATAFLOW,OECD.STI.STP:DSD_MSTI@DF_MSTI(1.3),Main Science and Technology Indicators (MSTI database),I,JPN,Japan,A,Annual,G,Gross Domestic Expenditure on R&D (GERD),USD_PPP,"US dollars, PPP converted",V,Current prices,_Z,Not applicable,2020,,174926.4424,,,,,,,,,,,,6,Millions,,,0,Zero
DATAFLOW,OECD.STI.STP:DSD_MSTI@DF_MSTI(1.3),Main Science and Technology Indicators (MSTI database),I,JPN,Japan,A,Annual,G,Gross Domestic Expenditure on R&D (GERD),USD_PPP,"US dollars, PPP converted",V,Current prices,_Z,Not applicable,2019,,173928.4265,,,,,,,,,,,,6,Millions,,,0,Zero
DATAFLOW,OECD.STI.STP:DSD_MSTI@DF_MSTI(1.3),Main Science and Technology Indicators (MSTI database),I,JPN,Japan,A,Annual,G,Gross Domestic Expenditure on R&D (GERD),USD_PPP,"US dollars, PPP converted",V,Current prices,_Z,Not applicable,2017,,166621.7342,,,,,,,,,,,,6,Millions,,,0,Zero
DATAFLOW,OECD.STI.STP:DSD_MSTI@DF_MSTI(1.3),Main Science and Technology Indicators (MSTI database),I,JPN,Japan,A,Annual,G,Gross Domestic Expenditure on R&D (GERD),USD_PPP,"US dollars, PPP converted",V,Current prices,_Z,Not applicable,2016,,160269.3129,,,,,,,,,,,,6,Millions,,,0,Zero
DATAFLOW,OECD.STI.STP:DSD_MSTI@DF_MSTI(1.3),Main Science and Technology Indicators (MSTI database),I,JPN,Japan,A,Annual,G,Gross Domestic Expenditure on R&D (GERD),USD_PPP,"US dollars, PPP converted",V,Current prices,_Z,Not applicable,2013,,164655.7643,,B,Time series break,,,,,,,,,6,Millions,,,0,Zero
DATAFLOW,OECD.STI.STP:DSD_MSTI@DF_MSTI(1.3),Main Science and Technology Indicators (MSTI database),I,JPN,Japan,A,Annual,G,Gross Domestic Expenditure on R&D (GERD),USD_PPP,"US dollars, PPP converted",V,Current prices,_Z,Not applicable,2018,,172035.7967,,B,Time series break,,,,,,,,,6,Millions,,,0,Zero
DATAFLOW,OECD.STI.STP:DSD_MSTI@DF_MSTI(1.3),Main Science and Technology Indicators (MSTI database),I,JPN,Japan,A,Annual,G,Gross Domestic Expenditure on R&D (GERD),USD_PPP,"US dollars, PPP converted",V,Current prices,_Z,Not applicable,2015,,168546.1195,,,,,,,,,,,,6,Millions,,,0,Zero
DATAFLOW,OECD.STI.STP:DSD_MSTI@DF_MSTI(1.3),Main Science and Technology Indicators (MSTI database),I,JPN,Japan,A,Annual,G,Gross Domestic Expenditure on R&D (GERD),USD_PPP,"US dollars, PPP converted",V,Current prices,_Z,Not applicable,2014,,169554.1485,,,,,,,,,,,,6,Millions,,,0,Zero
DATAFLOW,OECD.STI.STP:DSD_MSTI@DF_MSTI(1.3),Main Science and Technology Indicators (MSTI database),I,JPN,Japan,A,Annual,G,Gross Domestic Expenditure on R&D (GERD),USD_PPP,"US dollars, PPP converted",V,Current prices,_Z,Not applicable,2012,,152325.5676,,,,,,,,,,,,6,Millions,,,0,Zero
DATAFLOW,OECD.STI.STP:DSD_MSTI@DF_MSTI(1.3),Main Science and Technology Indicators (MSTI database),I,AUS,Australia,A,Annual,G,Gross Domestic Expenditure on R&D (GERD),USD_PPP,"US dollars, PPP converted",V,Current prices,_Z,Not applicable,2013,,23129.68394,,E,Estimated value,,,,,,,,,6,Millions,,,0,Zero
DATAFLOW,OECD.STI.STP:DSD_MSTI@DF_MSTI(1.3),Main Science and Technology Indicators (MSTI database),I,AUS,Australia,A,Annual,G,Gross Domestic Expenditure on R&D (GERD),USD_PPP,"US dollars, PPP converted",V,Current prices,_Z,Not applicable,2011,,20978.10383,,E,Estimated value,,,,,,,,,6,Millions,,,0,Zero
DATAFLOW,OECD.STI.STP:DSD_MSTI@DF_MSTI(1.3),Main Science and Technology Indicators (MSTI database),I,AUS,Australia,A,Annual,G,Gross Domestic Expenditure on R&D (GERD),USD_PPP,"US dollars, PPP converted",V,Current prices,_Z,Not applicable,2021,,27764.08299,,E,Estimated value,,,,,,,,,6,Millions,,,0,Zero
DATAFLOW,OECD.STI.STP:DSD_MSTI@DF_MSTI(1.3),Main Science and Technology Indicators (MSTI database),I,AUS,Australia,A,Annual,G,Gross Domestic Expenditure on R&D (GERD),USD_PPP,"US dollars, PPP converted",V,Current prices,_Z,Not applicable,2019,,24397.41448,,E,Estimated value,,,,,,,,,6,Millions,,,0,Zero
DATAFLOW,OECD.STI.STP:DSD_MSTI@DF_MSTI(1.3),Main Science and Technology Indicators (MSTI database),I,AUS,Australia,A,Annual,G,Gross Domestic Expenditure on R&D (GERD),USD_PPP,"US dollars, PPP converted",V,Current prices,_Z,Not applicable,2017,,22376.18549,,E,Estimated value,,,,,,,,,6,Millions,,,0,Zero
DATAFLOW,OECD.STI.STP:DSD_MSTI@DF_MSTI(1.3),Main Science and Technology Indicators (MSTI database),I,AUS,Australia,A,Annual,G,Gross Domestic Expenditure on R&D (GERD),USD_PPP,"US dollars, PPP converted",V,Current prices,_Z,Not applicable,2010,,20560.33387,,E,Estimated value,,,,,,,,,6,Millions,,,0,Zero
DATAFLOW,OECD.STI.STP:DSD_MSTI@DF_MSTI(1.3),Main Science and Technology Indicators (MSTI database),I,DEU,Germany,A,Annual,G,Gross Domestic Expenditure on R&D (GERD),USD_PPP,"US dollars, PPP converted",Q,Constant prices,_Z,Not applicable,2023,,158837.326,,P,Provisional value,,,,,,,,,6,Millions,2020.0,,0,Zero
DATAFLOW,OECD.STI.STP:DSD_MSTI@DF_MSTI(1.3),Main Science and Technology Indicators (MSTI database),I,DEU,Germany,A,Annual,G,Gross Domestic Expenditure on R&D (GERD),USD_PPP,"US dollars, PPP converted",V,Current prices,_Z,Not applicable,2013,,102905.4546,,,,,,,,,,,,6,Millions,,,0,Zero
DATAFLOW,OECD.STI.STP:DSD_MSTI@DF_MSTI(1.3),Main Science and Technology Indicators (MSTI database),I,DEU,Germany,A,Annual,G,Gross Domestic Expenditure on R&D (GERD),USD_PPP,"US dollars, PPP converted",V,Current prices,_Z,Not applicable,2012,,100490.085,,,,,,,,,,,,6,Millions,,,0,Zero
DATAFLOW,OECD.STI.STP:DSD_MSTI@DF_MSTI(1.3),Main Science and Technology Indicators (MSTI database),I,DEU,Germany,A,Annual,G,Gross Domestic Expenditure on R&D (GERD),USD_PPP,"US dollars, PPP converted",V,Current prices,_Z,Not applicable,2011,,95809.96574,,,,,,,,,,,,6,Millions,,,0,Zero
DATAFLOW,OECD.STI.STP:DSD_MSTI@DF_MSTI(1.3),Main Science and Technology Indicators (MSTI database),I,DEU,Germany,A,Annual,G,Gross Domestic Expenditure on R&D (GERD),USD_PPP,"US dollars, PPP converted",V,Current prices,_Z,Not applicable,2010,,86954.77783,,,,,,,,,,,,6,Millions,,,0,Zero
DATAFLOW,OECD.STI.STP:DSD_MSTI@DF_MSTI(1.3),Main Science and Technology Indicators (MSTI database),I,DEU,Germany,A,Annual,G,Gross Domestic Expenditure on R&D (GERD),USD_PPP,"US dollars, PPP converted",V,Current prices,_Z,Not applicable,2022,,173935.9178,,,,,,,,,,,,6,Millions,,,0,Zero
DATAFLOW,OECD.STI.STP:DSD_MSTI@DF_MSTI(1.3),Main Science and Technology Indicators (MSTI database),I,DEU,Germany,A,Annual,G,Gross Domestic Expenditure on R&D (GERD),USD_PPP,"US dollars, PPP converted",V,Current prices,_Z,Not applicable,2019,,153293.1564,,,,,,,,,,,,6,Millions,,,0,Zero
DATAFLOW,OECD.STI.STP:DSD_MSTI@DF_MSTI(1.3),Main Science and Technology Indicators (MSTI database),I,DEU,Germany,A,Annual,G,Gross Domestic Expenditure on R&D (GERD),USD_PPP,"US dollars, PPP converted",Q,Constant prices,_Z,Not applicable,2019,,158390.9167,,,,,,,,,,,,6,Millions,2020.0,,0,Zero
DATAFLOW,OECD.STI.STP:DSD_MSTI@DF_MSTI(1.3),Main Science and Technology Indicators (MSTI database),I,DEU,Germany,A,Annual,G,Gross Domestic Expenditure on R&D (GERD),USD_PPP,"US dollars, PPP converted",Q,Constant prices,_Z,Not applicable,2018,,153717.6469,,,,,,,,,,,,6,Millions,2020.0,,0,Zero
DATAFLOW,OECD.STI.STP:DSD_MSTI@DF_MSTI(1.3),Main Science and Technology Indicators (MSTI database),I,DEU,Germany,A,Annual,G,Gross Domestic Expenditure on R&D (GERD),USD_PPP,"US dollars, PPP converted",Q,Constant prices,_Z,Not applicable,2017,,148932.3079,,,,,,,,,,,,6,Millions,2020.0,,0,Zero
DATAFLOW,OECD.STI.STP:DSD_MSTI@DF_MSTI(1.3),Main Science and Technology Indicators (MSTI database),I,DEU,Germany,A,Annual,G,Gross Domestic Expenditure on R&D (GERD),USD_PPP,"US dollars, PPP converted",Q,Constant prices,_Z,Not applicable,2016,,139915.9666,,,,,,,,,,,,6,Millions,2020.0,,0,Zero
DATAFLOW,OECD.STI.STP:DSD_MSTI@DF_MSTI(1.3),Main Science and Technology Indicators (MSTI database),I,DEU,Germany,A,Annual,G,Gross Domestic Expenditure on R&D (GERD),USD_PPP,"US dollars, PPP converted",Q,Constant prices,_Z,Not applicable,2015,,136460.4659,,,,,,,,,,,,6,Millions,2020.0,,0,Zero
DATAFLOW,OECD.STI.STP:DSD_MSTI@DF_MSTI(1.3),Main Science and Technology Indicators (MSTI database),I,DEU,Germany,A,Annual,G,Gross Domestic Expenditure on R&D (GERD),USD_PPP,"US dollars, PPP converted",Q,Constant prices,_Z,Not applicable,2014,,131672.3665,,,,,,,,,,,,6,Millions,2020.0,,0,Zero
DATAFLOW,OECD.STI.STP:DSD_MSTI@DF_MSTI(1.3),Main Science and Technology Indicators (MSTI database),I,DEU,Germany,A,Annual,G,Gross Domestic Expenditure on R&D (GERD),USD_PPP,"US dollars, PPP converted",Q,Constant prices,_Z,Not applicable,2013,,126980.837,,,,,,,,,,,,6,Millions,2020.0,,0,Zero
DATAFLOW,OECD.STI.STP:DSD_MSTI@DF_MSTI(1.3),Main Science and Technology Indicators (MSTI database),I,DEU,Germany,A,Annual,G,Gross Domestic Expenditure on R&D (GERD),USD_PPP,"US dollars, PPP converted",Q,Constant prices,_Z,Not applicable,2012,,128508.4185,,,,,,,,,,,,6,Millions,2020.0,,0,Zero
DATAFLOW,OECD.STI.STP:DSD_MSTI@DF_MSTI(1.3),Main Science and Technology Indicators (MSTI database),I,DEU,Germany,A,Annual,G,Gross Domestic Expenditure on R&D (GERD),USD_PPP,"US dollars, PPP converted",Q,Constant prices,_Z,Not applicable,2011,,124513.8113,,,,,,,,,,,,6,Millions,2020.0,,0,Zero
DATAFLOW,OECD.STI.STP:DSD_MSTI@DF_MSTI(1.3),Main Science and Technology Indicators (MSTI database),I,USA,United States,A,Annual,G,Gross Domestic Expenditure on R&D (GERD),USD_PPP,"US dollars, PPP converted",Q,Constant prices,_Z,Not applicable,2021,,785607.2852,,B,Time series break,D,Definition differs,,,,,,,6,Millions,2020.0,,0,Zero
DATAFLOW,OECD.STI.STP:DSD_MSTI@DF_MSTI(1.3),Main Science and Technology Indicators (MSTI database),I,USA,United States,A,Annual,G,Gross Domestic Expenditure on R&D (GERD),USD_PPP,"US dollars, PPP converted",Q,Constant prices,_Z,Not applicable,2016,,572113.8296,,B,Time series break,D,Definition differs,,,,,,,6,Millions,2020.0,,0,Zero
DATAFLOW,OECD.STI.STP:DSD_MSTI@DF_MSTI(1.3),Main Science and Technology Indicators (MSTI database),I,USA,United States,A,Annual,G,Gross Domestic Expenditure on R&D (GERD),USD_PPP,"US dollars, PPP converted",Q,Constant prices,_Z,Not applicable,2015,,549315.8362,,B,Time series break,D,Definition differs,,,,,,,6,Millions,2020.0,,0,Zero
DATAFLOW,OECD.STI.STP:DSD_MSTI@DF_MSTI(1.3),Main Science and Technology Indicators (MSTI database),I,USA,United States,A,Annual,G,Gross Domestic Expenditure on R&D (GERD),USD_PPP,"US dollars, PPP converted",Q,Constant prices,_Z,Not applicable,2022,,809627.6778,,D,Definition differs,,,,,,,,,6,Millions,2020.0,,0,Zero
DATAFLOW,OECD.STI.STP:DSD_MSTI@DF_MSTI(1.3),Main Science and Technology Indicators (MSTI database),I,USA,United States,A,Annual,G,Gross Domestic Expenditure on R&D (GERD),USD_PPP,"US dollars, PPP converted",Q,Constant prices,_Z,Not applicable,2020,,729857.0,,D,Definition differs,,,,,,,,,6,Millions,2020.0,,0,Zero
DATAFLOW,OECD.STI.STP:DSD_MSTI@DF_MSTI(1.3),Main Science and Technology Indicators (MSTI database),I,USA,United States,A,Annual,G,Gross Domestic Expenditure on R&D (GERD),USD_PPP,"US dollars, PPP converted",Q,Constant prices,_Z,Not applicable,2019,,685991.1312,,D,Definition differs,,,,,,,,,6,Millions,2020.0,,0,Zero
DATAFLOW,OECD.STI.STP:DSD_MSTI@DF_MSTI(1.3),Main Science and Technology Indicators (MSTI database),I,USA,United States,A,Annual,G,Gross Domestic Expenditure on R&D (GERD),USD_PPP,"US dollars, PPP converted",Q,Constant prices,_Z,Not applicable,2017,,595758.8561,,D,Definition differs,,,,,,,,,6,Millions,2020.0,,0,Zero
DATAFLOW,OECD.STI.STP:DSD_MSTI@DF_MSTI(1.3),Main Science and Technology Indicators (MSTI database),I,USA,United States,A,Annual,G,Gross Domestic Expenditure on R&D (GERD),USD_PPP,"US dollars, PPP converted",Q,Constant prices,_Z,Not applicable,2012,,491189.311,,D,Definition differs,,,,,,,,,6,Millions,2020.0,,0,Zero
DATAFLOW,OECD.STI.STP:DSD_MSTI@DF_MSTI(1.3),Main Science and Technology Indicators (MSTI database),I,USA,United States,A,Annual,G,Gross Domestic Expenditure on R&D (GERD),USD_PPP,"US dollars, PPP converted",Q,Constant prices,_Z,Not applicable,2023,,823405.3708,,B,Time series break,D,Definition differs,P,Provisional value,,,,,6,Millions,2020.0,,0,Zero
DATAFLOW,OECD.STI.STP:DSD_MSTI@DF_MSTI(1.3),Main Science and Technology Indicators (MSTI database),I,USA,United States,A,Annual,G,Gross Domestic Expenditure on R&D (GERD),USD_PPP,"US dollars, PPP converted",Q,Constant prices,_Z,Not applicable,2014,,521194.0499,,D,Definition differs,,,,,,,,,6,Millions,2020.0,,0,Zero
DATAFLOW,OECD.STI.STP:DSD_MSTI@DF_MSTI(1.3),Main Science and Technology Indicators (MSTI database),I,USA,United States,A,Annual,G,Gross Domestic Expenditure on R&D (GERD),USD_PPP,"US dollars, PPP converted",Q,Constant prices,_Z,Not applicable,2013,,505944.0034,,D,Definition differs,,,,,,,,,6,Millions,2020.0,,0,Zero
DATAFLOW,OECD.STI.STP:DSD_MSTI@DF_MSTI(1.3),Main Science and Technology Indicators (MSTI database),I,USA,United States,A,Annual,G,Gross Domestic Expenditure on R&D (GERD),USD_PPP,"US dollars, PPP converted",Q,Constant prices,_Z,Not applicable,2018,,636071.7378,,D,Definition differs,,,,,,,,,6,Millions,2020.0,,0,Zero
DATAFLOW,OECD.STI.STP:DSD_MSTI@DF_MSTI(1.3),Main Science and Technology Indicators (MSTI database),I,USA,United States,A,Annual,G,Gross Domestic Expenditure on R&D (GERD),USD_PPP,"US dollars, PPP converted",Q,Constant prices,_Z,Not applicable,2011,,491929.6407,,D,Definition differs,,,,,,,,,6,Millions,2020.0,,0,Zero
DATAFLOW,OECD.STI.STP:DSD_MSTI@DF_MSTI(1.3),Main Science and Technology Indicators (MSTI database),I,USA,United States,A,Annual,G,Gross Domestic Expenditure on R&D (GERD),USD_PPP,"US dollars, PPP converted",V,Current prices,_Z,Not applicable,2014,,476971.0,,D,Definition differs,,,,,,,,,6,Millions,,,0,Zero
DATAFLOW,OECD.STI.STP:DSD_MSTI@DF_MSTI(1.3),Main Science and Technology Indicators (MSTI database),I,USA,United States,A,Annual,G,Gross Domestic Expenditure on R&D (GERD),USD_PPP,"US dollars, PPP converted",V,Current prices,_Z,Not applicable,2013,,455089.0,,D,Definition differs,,,,,,,,,6,Millions,,,0,Zero
DATAFLOW,OECD.STI.STP:DSD_MSTI@DF_MSTI(1.3),Main Science and Technology Indicators (MSTI database),I,USA,United States,A,Annual,G,Gross Domestic Expenditure on R&D (GERD),USD_PPP,"US dollars, PPP converted",V,Current prices,_Z,Not applicable,2012,,434424.0,,D,Definition differs,,,,,,,,,6,Millions,,,0,Zero
DATAFLOW,OECD.STI.STP:DSD_MSTI@DF_MSTI(1.3),Main Science and Technology Indicators (MSTI database),I,USA,United States,A,Annual,G,Gross Domestic Expenditure on R&D (GERD),USD_PPP,"US dollars, PPP converted",V,Current prices,_Z,Not applicable,2011,,427125.0,,D,Definition differs,,,,,,,,,6,Millions,,,0,Zero
DATAFLOW,OECD.STI.STP:DSD_MSTI@DF_MSTI(1.3),Main Science and Technology Indicators (MSTI database),I,USA,United States,A,Annual,G,Gross Domestic Expenditure on R&D (GERD),USD_PPP,"US dollars, PPP converted",V,Current prices,_Z,Not applicable,2010,,408495.0,,D,Definition differs,,,,,,,,,6,Millions,,,0,Zero
DATAFLOW,OECD.STI.STP:DSD_MSTI@DF_MSTI(1.3),Main Science and Technology Indicators (MSTI database),I,USA,United States,A,Annual,G,Gross Domestic Expenditure on R&D (GERD),USD_PPP,"US dollars, PPP converted",V,Current prices,_Z,Not applicable,2021,,821478.0,,B,Time series break,D,Definition differs,,,,,,,6,Millions,,,0,Zero
DATAFLOW,OECD.STI.STP:DSD_MSTI@DF_MSTI(1.3),Main Science and Technology Indicators (MSTI database),I,USA,United States,A,Annual,G,Gross Domestic Expenditure on R&D (GERD),USD_PPP,"US dollars, PPP converted",V,Current prices,_Z,Not applicable,2016,,533451.0,,B,Time series break,D,Definition differs,,,,,,,6,Millions,,,0,Zero
DATAFLOW,OECD.STI.STP:DSD_MSTI@DF_MSTI(1.3),Main Science and Technology Indicators (MSTI database),I,USA,United States,A,Annual,G,Gross Domestic Expenditure on R&D (GERD),USD_PPP,"US dollars, PPP converted",V,Current prices,_Z,Not applicable,2015,,507372.0,,B,Time series break,D,Definition differs,,,,,,,6,Millions,,,0,Zero
DATAFLOW,OECD.STI.STP:DSD_MSTI@DF_MSTI(1.3),Main Science and Technology Indicators (MSTI database),I,USA,United States,A,Annual,G,Gross Domestic Expenditure on R&D (GERD),USD_PPP,"US dollars, PPP converted",V,Current prices,_Z,Not applicable,2023,,955578.0,,B,Time series break,D,Definition differs,P,Provisional value,,,,,6,Millions,,,0,Zero
DATAFLOW,OECD.STI.STP:DSD_MSTI@DF_MSTI(1.3),Main Science and Technology Indicators (MSTI database),I,USA,United States,A,Annual,G,Gross Domestic Expenditure on R&D (GERD),USD_PPP,"US dollars, PPP converted",V,Current prices,_Z,Not applicable,2022,,906953.0,,D,Definition differs,,,,,,,,,6,Millions,,,0,Zero
DATAFLOW,OECD.STI.STP:DSD_MSTI@DF_MSTI(1.3),Main Science and Technology Indicators (MSTI database),I,USA,United States,A,Annual,G,Gross Domestic Expenditure on R&D (GERD),USD_PPP,"US dollars, PPP converted",V,Current prices,_Z,Not applicable,2020,,729857.0,,D,Definition differs,,,,,,,,,6,Millions,,,0,Zero
DATAFLOW,OECD.STI.STP:DSD_MSTI@DF_MSTI(1.3),Main Science and Technology Indicators (MSTI database),I,USA,United States,A,Annual,G,Gross Domestic Expenditure on R&D (GERD),USD_PPP,"US dollars, PPP converted",V,Current prices,_Z,Not applicable,2019,,676995.0,,D,Definition differs,,,,,,,,,6,Millions,,,0,Zero
DATAFLOW,OECD.STI.STP:DSD_MSTI@DF_MSTI(1.3),Main Science and Technology Indicators (MSTI database),I,USA,United States,A,Annual,G,Gross Domestic Expenditure on R&D (GERD),USD_PPP,"US dollars, PPP converted",V,Current prices,_Z,Not applicable,2018,,617538.0,,D,Definition differs,,,,,,,,,6,Millions,,,0,Zero
DATAFLOW,OECD.STI.STP:DSD_MSTI@DF_MSTI(1.3),Main Science and Technology Indicators (MSTI database),I,AUS,Australia,A,Annual,G,Gross Domestic Expenditure on R&D (GERD),USD_PPP,"US dollars, PPP converted",Q,Constant prices,_Z,Not applicable,2013,,26490.9131,,E,Estimated value,,,,,,,,,6,Millions,2020.0,,0,Zero
DATAFLOW,OECD.STI.STP:DSD_MSTI@DF_MSTI(1.3),Main Science and Technology Indicators (MSTI database),I,JPN,Japan,A,Annual,G,Gross Domestic Expenditure on R&D (GERD),USD_PPP,"US dollars, PPP converted",Q,Constant prices,_Z,Not applicable,2020,,174926.4424,,,,,,,,,,,,6,Millions,2020.0,,0,Zero
DATAFLOW,OECD.STI.STP:DSD_MSTI@DF_MSTI(1.3),Main Science and Technology Indicators (MSTI database),I,AUS,Australia,A,Annual,G,Gross Domestic Expenditure on R&D (GERD),USD_PPP,"US dollars, PPP converted",V,Current prices,_Z,Not applicable,2015,,21151.51702,,E,Estimated value,,,,,,,,,6,Millions,,,0,Zero
DATAFLOW,OECD.STI.STP:DSD_MSTI@DF_MSTI(1.3),Main Science and Technology Indicators (MSTI database),I,DEU,Germany,A,Annual,G,Gross Domestic Expenditure on R&D (GERD),USD_PPP,"US dollars, PPP converted",Q,Constant prices,_Z,Not applicable,2010,,116782.334,,,,,,,,,,,,6,Millions,2020.0,,0,Zero
DATAFLOW,OECD.STI.STP:DSD_MSTI@DF_MSTI(1.3),Main Science and Technology Indicators (MSTI database),I,USA,United States,A,Annual,G,Gross Domestic Expenditure on R&D (GERD),USD_PPP,"US dollars, PPP converted",Q,Constant prices,_Z,Not applicable,2010,,480179.4172,,D,Definition differs,,,,,,,,,6,Millions,2020.0,,0,Zero
DATAFLOW,OECD.STI.STP:DSD_MSTI@DF_MSTI(1.3),Main Science and Technology Indicators (MSTI database),I,USA,United States,A,Annual,G,Gross Domestic Expenditure on R&D (GERD),USD_PPP,"US dollars, PPP converted",V,Current prices,_Z,Not applicable,2017,,565446.0,,D,Definition differs,,,,,,,,,6,Millions,,,0,Zero
DATAFLOW,OECD.STI.STP:DSD_MSTI@DF_MSTI(1.3),Main Science and Technology Indicators (MSTI database),I,JPN,Japan,A,Annual,G,Gross Domestic Expenditure on R&D (GERD),USD_PPP,"US dollars, PPP converted",Q,Constant prices,_Z,Not applicable,2017,,176569.5149,,,,,,,,,,,,6,Millions,2020.0,,0,Zero
DATAFLOW,OECD.STI.STP:DSD_MSTI@DF_MSTI(1.3),Main Science and Technology Indicators (MSTI database),I,JPN,Japan,A,Annual,G,Gross Domestic Expenditure on R&D (GERD),USD_PPP,"US dollars, PPP converted",Q,Constant prices,_Z,Not applicable,2016,,170385.8764,,,,,,,,,,,,6,Millions,2020.0,,0,Zero
DATAFLOW,OECD.STI.STP:DSD_MSTI@DF_MSTI(1.3),Main Science and Technology Indicators (MSTI database),I,JPN,Japan,A,Annual,G,Gross Domestic Expenditure on R&D (GERD),USD_PPP,"US dollars, PPP converted",Q,Constant prices,_Z,Not applicable,2015,,176408.1391,,,,,,,,,,,,6,Millions,2020.0,,0,Zero
DATAFLOW,OECD.STI.STP:DSD_MSTI@DF_MSTI(1.3),Main Science and Technology Indicators (MSTI database),I,JPN,Japan,A,Annual,G,Gross Domestic Expenditure on R&D (GERD),USD_PPP,"US dollars, PPP converted",Q,Constant prices,_Z,Not applicable,2014,,180513.3931,,,,,,,,,,,,6,Millions,2020.0,,0,Zero
DATAFLOW,OECD.STI.STP:DSD_MSTI@DF_MSTI(1.3),Main Science and Technology Indicators (MSTI database),I,USA,United States,A,Annual,G,Gross Domestic Expenditure on R&D (GERD),USD_PPP,"US dollars, PPP converted",Q,Constant prices,GY,"Growth rate, over 1 year",2018,,6.766644131,,D,Definition differs,,,,,,,,,0,Units,2020.0,,1,One
DATAFLOW,OECD.STI.STP:DSD_MSTI@DF_MSTI(1.3),Main Science and Technology Indicators (MSTI database),I,USA,United States,A,Annual,G,Gross Domestic Expenditure on R&D (GERD),USD_PPP,"US dollars, PPP converted",Q,Constant prices,GY,"Growth rate, over 1 year",2014,,3.014176747,,D,Definition differs,,,,,,,,,0,Units,2020.0,,1,One
DATAFLOW,OECD.STI.STP:DSD_MSTI@DF_MSTI(1.3),Main Science and Technology Indicators (MSTI database),I,USA,United States,A,Annual,G,Gross Domestic Expenditure on R&D (GERD),USD_PPP,"US dollars, PPP converted",Q,Constant prices,IX,Index,2019,,148.5264336,,D,Definition differs,,,,,,,,,0,Units,2007.0,,1,One
DATAFLOW,OECD.STI.STP:DSD_MSTI@DF_MSTI(1.3),Main Science and Technology Indicators (MSTI database),I,USA,United States,A,Annual,G,Gross Domestic Expenditure on R&D (GERD),USD_PPP,"US dollars, PPP converted",Q,Constant prices,IX,Index,2018,,137.7182043,,D,Definition differs,,,,,,,,,0,Units,2007.0,,1,One
DATAFLOW,OECD.STI.STP:DSD_MSTI@DF_MSTI(1.3),Main Science and Technology Indicators (MSTI database),I,JPN,Japan,A,Annual,G,Gross Domestic Expenditure on R&D (GERD),USD_PPP,"US dollars, PPP converted",Q,Constant prices,GY,"Growth rate, over 1 year",2017,,3.629196628,,,,,,,,,,,,0,Units,2020.0,,1,One
DATAFLOW,OECD.STI.STP:DSD_MSTI@DF_MSTI(1.3),Main Science and Technology Indicators (MSTI database),I,JPN,Japan,A,Annual,G,Gross Domestic Expenditure on R&D (GERD),USD_PPP,"US dollars, PPP converted",Q,Constant prices,GY,"Growth rate, over 1 year",2016,,-3.413823608,,,,,,,,,,,,0,Units,2020.0,,1,One
DATAFLOW,OECD.STI.STP:DSD_MSTI@DF_MSTI(1.3),Main Science and Technology Indicators (MSTI database),I,JPN,Japan,A,Annual,G,Gross Domestic Expenditure on R&D (GERD),USD_PPP,"US dollars, PPP converted",Q,Constant prices,GY,"Growth rate, over 1 year",2015,,-2.274210167,,,,,,,,,,,,0,Units,2020.0,,1,One
DATAFLOW,OECD.STI.STP:DSD_MSTI@DF_MSTI(1.3),Main Science and Technology Indicators (MSTI database),I,USA,United States,A,Annual,G,Gross Domestic Expenditure on R&D (GERD),USD_PPP,"US dollars, PPP converted",Q,Constant prices,IX,Index,2012,,106.3491834,,D,Definition differs,,,,,,,,,0,Units,2007.0,,1,One
DATAFLOW,OECD.STI.STP:DSD_MSTI@DF_MSTI(1.3),Main Science and Technology Indicators (MSTI database),I,USA,United States,A,Annual,G,Gross Domestic Expenditure on R&D (GERD),USD_PPP,"US dollars, PPP converted",Q,Constant prices,IX,Index,2011,,106.5094748,,D,Definition differs,,,,,,,,,0,Units,2007.0,,1,One
DATAFLOW,OECD.STI.STP:DSD_MSTI@DF_MSTI(1.3),Main Science and Technology Indicators (MSTI database),I,USA,United States,A,Annual,G,Gross Domestic Expenditure on R&D (GERD),USD_PPP,"US dollars, PPP converted",Q,Constant prices,IX,Index,2016,,123.8704451,,B,Time series break,D,Definition differs,,,,,,,0,Units,2007.0,,1,One
DATAFLOW,OECD.STI.STP:DSD_MSTI@DF_MSTI(1.3),Main Science and Technology Indicators (MSTI database),I,USA,United States,A,Annual,G,Gross Domestic Expenditure on R&D (GERD),USD_PPP,"US dollars, PPP converted",Q,Constant prices,IX,Index,2015,,118.9343686,,B,Time series break,D,Definition differs,,,,,,,0,Units,2007.0,,1,One
DATAFLOW,OECD.STI.STP:DSD_MSTI@DF_MSTI(1.3),Main Science and Technology Indicators (MSTI database),I,AUS,Australia,A,Annual,G,Gross Domestic Expenditure on R&D (GERD),USD_PPP,"US dollars, PPP converted",Q,Constant prices,GY,"Growth rate, over 1 year",2010,,0.841888746,,E,Estimated value,,,,,,,,,0,Units,2020.0,,1,One
DATAFLOW,OECD.STI.STP:DSD_MSTI@DF_MSTI(1.3),Main Science and Technology Indicators (MSTI database),I,AUS,Australia,A,Annual,G,Gross Domestic Expenditure on R&D (GERD),USD_PPP,"US dollars, PPP converted",Q,Constant prices,GY,"Growth rate, over 1 year",2021,,-0.741128642,,E,Estimated value,,,,,,,,,0,Units,2020.0,,1,One
DATAFLOW,OECD.STI.STP:DSD_MSTI@DF_MSTI(1.3),Main Science and Technology Indicators (MSTI database),I,AUS,Australia,A,Annual,G,Gross Domestic Expenditure on R&D (GERD),USD_PPP,"US dollars, PPP converted",Q,Constant prices,GY,"Growth rate, over 1 year",2019,,1.067841746,,E,Estimated value,,,,,,,,,0,Units,2020.0,,1,One
DATAFLOW,OECD.STI.STP:DSD_MSTI@DF_MSTI(1.3),Main Science and Technology Indicators (MSTI database),I,AUS,Australia,A,Annual,G,Gross Domestic Expenditure on R&D (GERD),USD_PPP,"US dollars, PPP converted",Q,Constant prices,GY,"Growth rate, over 1 year",2017,,0.21231441,,E,Estimated value,,,,,,,,,0,Units,2020.0,,1,One
DATAFLOW,OECD.STI.STP:DSD_MSTI@DF_MSTI(1.3),Main Science and Technology Indicators (MSTI database),I,AUS,Australia,A,Annual,G,Gross Domestic Expenditure on R&D (GERD),USD_PPP,"US dollars, PPP converted",Q,Constant prices,GY,"Growth rate, over 1 year",2015,,-2.860187105,,E,Estimated value,,,,,,,,,0,Units,2020.0,,1,One
DATAFLOW,OECD.STI.STP:DSD_MSTI@DF_MSTI(1.3),Main Science and Technology Indicators (MSTI database),I,USA,United States,A,Annual,G,Gross Domestic Expenditure on R&D (GERD),USD_PPP,"US dollars, PPP converted",Q,Constant prices,IX,Index,2023,,178.2784902,,B,Time series break,D,Definition differs,P,Provisional value,,,,,0,Units,2007.0,,1,One
DATAFLOW,OECD.STI.STP:DSD_MSTI@DF_MSTI(1.3),Main Science and Technology Indicators (MSTI database),I,USA,United States,A,Annual,G,Gross Domestic Expenditure on R&D (GERD),USD_PPP,"US dollars, PPP converted",Q,Constant prices,IX,Index,2010,,103.9653912,,D,Definition differs,,,,,,,,,0,Units,2007.0,,1,One
DATAFLOW,OECD.STI.STP:DSD_MSTI@DF_MSTI(1.3),Main Science and Technology Indicators (MSTI database),I,USA,United States,A,Annual,G,Gross Domestic Expenditure on R&D (GERD),USD_PPP,"US dollars, PPP converted",Q,Constant prices,IX,Index,2020,,158.0239923,,D,Definition differs,,,,,,,,,0,Units,2007.0,,1,One
DATAFLOW,OECD.STI.STP:DSD_MSTI@DF_MSTI(1.3),Main Science and Technology Indicators (MSTI database),I,USA,United States,A,Annual,G,Gross Domestic Expenditure on R&D (GERD),USD_PPP,"US dollars, PPP converted",Q,Constant prices,GY,"Growth rate, over 1 year",2013,,3.00387082,,D,Definition differs,,,,,,,,,0,Units,2020.0,,1,One
DATAFLOW,OECD.STI.STP:DSD_MSTI@DF_MSTI(1.3),Main Science and Technology Indicators (MSTI database),I,USA,United States,A,Annual,G,Gross Domestic Expenditure on R&D (GERD),USD_PPP,"US dollars, PPP converted",Q,Constant prices,GY,"Growth rate, over 1 year",2017,,4.132923434,,D,Definition differs,,,,,,,,,0,Units,2020.0,,1,One
DATAFLOW,OECD.STI.STP:DSD_MSTI@DF_MSTI(1.3),Main Science and Technology Indicators (MSTI database),I,USA,United States,A,Annual,G,Gross Domestic Expenditure on R&D (GERD),USD_PPP,"US dollars, PPP converted",Q,Constant prices,GY,"Growth rate, over 1 year",2022,,3.05755725,,D,Definition differs,,,,,,,,,0,Units,2020.0,,1,One
DATAFLOW,OECD.STI.STP:DSD_MSTI@DF_MSTI(1.3),Main Science and Technology Indicators (MSTI database),I,USA,United States,A,Annual,G,Gross Domestic Expenditure on R&D (GERD),USD_PPP,"US dollars, PPP converted",Q,Constant prices,GY,"Growth rate, over 1 year",2012,,-0.150495036,,D,Definition differs,,,,,,,,,0,Units,2020.0,,1,One
DATAFLOW,OECD.STI.STP:DSD_MSTI@DF_MSTI(1.3),Main Science and Technology Indicators (MSTI database),I,USA,United States,A,Annual,G,Gross Domestic Expenditure on R&D (GERD),USD_PPP,"US dollars, PPP converted",Q,Constant prices,GY,"Growth rate, over 1 year",2011,,2.447048572,,D,Definition differs,,,,,,,,,0,Units,2020.0,,1,One
DATAFLOW,OECD.STI.STP:DSD_MSTI@DF_MSTI(1.3),Main Science and Technology Indicators (MSTI database),I,DEU,Germany,A,Annual,G,Gross Domestic Expenditure on R&D (GERD),USD_PPP,"US dollars, PPP converted",Q,Constant prices,GY,"Growth rate, over 1 year",2020,,-4.799578444,,,,,,,,,,,,0,Units,2020.0,,1,One
DATAFLOW,OECD.STI.STP:DSD_MSTI@DF_MSTI(1.3),Main Science and Technology Indicators (MSTI database),I,DEU,Germany,A,Annual,G,Gross Domestic Expenditure on R&D (GERD),USD_PPP,"US dollars, PPP converted",Q,Constant prices,GY,"Growth rate, over 1 year",2019,,3.040164777,,,,,,,,,,,,0,Units,2020.0,,1,One
DATAFLOW,OECD.STI.STP:DSD_MSTI@DF_MSTI(1.3),Main Science and Technology Indicators (MSTI database),I,DEU,Germany,A,Annual,G,Gross Domestic Expenditure on R&D (GERD),USD_PPP,"US dollars, PPP converted",Q,Constant prices,GY,"Growth rate, over 1 year",2018,,3.21309662,,,,,,,,,,,,0,Units,2020.0,,1,One
DATAFLOW,OECD.STI.STP:DSD_MSTI@DF_MSTI(1.3),Main Science and Technology Indicators (MSTI database),I,DEU,Germany,A,Annual,G,Gross Domestic Expenditure on R&D (GERD),USD_PPP,"US dollars, PPP converted",Q,Constant prices,GY,"Growth rate, over 1 year",2017,,6.444111851,,,,,,,,,,,,0,Units,2020.0,,1,One
DATAFLOW,OECD.STI.STP:DSD_MSTI@DF_MSTI(1.3),Main Science and Technology Indicators (MSTI database),I,DEU,Germany,A,Annual,G,Gross Domestic Expenditure on R&D (GERD),USD_PPP,"US dollars, PPP converted",Q,Constant prices,GY,"Growth rate, over 1 year",2016,,2.532235755,,,,,,,,,,,,0,Units,2020.0,,1,One
DATAFLOW,OECD.STI.STP:DSD_MSTI@DF_MSTI(1.3),Main Science and Technology Indicators (MSTI database),I,DEU,Germany,A,Annual,G,Gross Domestic Expenditure on R&D (GERD),USD_PPP,"US dollars, PPP converted",Q,Constant prices,GY,"Growth rate, over 1 year",2014,,3.694675234,,,,,,,,,,,,0,Units,2020.0,,1,One
DATAFLOW,OECD.STI.STP:DSD_MSTI@DF_MSTI(1.3),Main Science and Technology Indicators (MSTI database),I,DEU,Germany,A,Annual,G,Gross Domestic Expenditure on R&D (GERD),USD_PPP,"US dollars, PPP converted",Q,Constant prices,GY,"Growth rate, over 1 year",2013,,-1.188701487,,,,,,,,,,,,0,Units,2020.0,,1,One
DATAFLOW,OECD.STI.STP:DSD_MSTI@DF_MSTI(1.3),Main Science and Technology Indicators (MSTI database),I,DEU,Germany,A,Annual,G,Gross Domestic Expenditure on R&D (GERD),USD_PPP,"US dollars, PPP converted",Q,Constant prices,GY,"Growth rate, over 1 year",2012,,3.208163903,,,,,,,,,,,,0,Units,2020.0,,1,One
DATAFLOW,OECD.STI.STP:DSD_MSTI@DF_MSTI(1.3),Main Science and Technology Indicators (MSTI database),I,DEU,Germany,A,Annual,G,Gross Domestic Expenditure on R&D (GERD),USD_PPP,"US dollars, PPP converted",Q,Constant prices,GY,"Growth rate, over 1 year",2011,,6.620416836,,,,,,,,,,,,0,Units,2020.0,,1,One
DATAFLOW,OECD.STI.STP:DSD_MSTI@DF_MSTI(1.3),Main Science and Technology Indicators (MSTI database),I,DEU,Germany,A,Annual,G,Gross Domestic Expenditure on R&D (GERD),USD_PPP,"US dollars, PPP converted",Q,Constant prices,GY,"Growth rate, over 1 year",2010,,3.669571804,,,,,,,,,,,,0,Units,2020.0,,1,One
DATAFLOW,OECD.STI.STP:DSD_MSTI@DF_MSTI(1.3),Main Science and Technology Indicators (MSTI database),I,DEU,Germany,A,Annual,G,Gross Domestic Expenditure on R&D (GERD),USD_PPP,"US dollars, PPP converted",Q,Constant prices,GY,"Growth rate, over 1 year",2015,,3.636373728,,,,,,,,,,,,0,Units,2020.0,,1,One
DATAFLOW,OECD.STI.STP:DSD_MSTI@DF_MSTI(1.3),Main Science and Technology Indicators (MSTI database),I,DEU,Germany,A,Annual,G,Gross Domestic Expenditure on R&D (GERD),USD_PPP,"US dollars, PPP converted",Q,Constant prices,GY,"Growth rate, over 1 year",2023,,0.84724933,,P,Provisional value,,,,,,,,,0,Units,2020.0,,1,One
DATAFLOW,OECD.STI.STP:DSD_MSTI@DF_MSTI(1.3),Main Science and Technology Indicators (MSTI database),I,DEU,Germany,A,Annual,G,Gross Domestic Expenditure on R&D (GERD),USD_PPP,"US dollars, PPP converted",Q,Constant prices,GY,"Growth rate, over 1 year",2022,,1.118183193,,P,Provisional value,,,,,,,,,0,Units,2020.0,,1,One
DATAFLOW,OECD.STI.STP:DSD_MSTI@DF_MSTI(1.3),Main Science and Technology Indicators (MSTI database),I,JPN,Japan,A,Annual,G,Gross Domestic Expenditure on R&D (GERD),USD_PPP,"US dollars, PPP converted",Q,Constant prices,GY,"Growth rate, over 1 year",2021,,2.956648903,,,,,,,,,,,,0,Units,2020.0,,1,One
DATAFLOW,OECD.STI.STP:DSD_MSTI@DF_MSTI(1.3),Main Science and Technology Indicators (MSTI database),I,JPN,Japan,A,Annual,G,Gross Domestic Expenditure on R&D (GERD),USD_PPP,"US dollars, PPP converted",Q,Constant prices,GY,"Growth rate, over 1 year",2020,,-2.759701034,,,,,,,,,,,,0,Units,2020.0,,1,One
DATAFLOW,OECD.STI.STP:DSD_MSTI@DF_MSTI(1.3),Main Science and Technology Indicators (MSTI database),I,JPN,Japan,A,Annual,G,Gross Domestic Expenditure on R&D (GERD),USD_PPP,"US dollars, PPP converted",Q,Constant prices,GY,"Growth rate, over 1 year",2019,,-0.431827678,,,,,,,,,,,,0,Units,2020.0,,1,One
DATAFLOW,OECD.STI.STP:DSD_MSTI@DF_MSTI(1.3),Main Science and Technology Indicators (MSTI database),I,USA,United States,A,Annual,G,Gross Domestic Expenditure on R&D (GERD),USD_PPP,"US dollars, PPP converted",Q,Constant prices,IX,Index,2017,,128.9899157,,D,Definition differs,,,,,,,,,0,Units,2007.0,,1,One
DATAFLOW,OECD.STI.STP:DSD_MSTI@DF_MSTI(1.3),Main Science and Technology Indicators (MSTI database),I,USA,United States,A,Annual,G,Gross Domestic Expenditure on R&D (GERD),USD_PPP,"US dollars, PPP converted",Q,Constant prices,IX,Index,2014,,112.8456184,,D,Definition differs,,,,,,,,,0,Units,2007.0,,1,One
DATAFLOW,OECD.STI.STP:DSD_MSTI@DF_MSTI(1.3),Main Science and Technology Indicators (MSTI database),I,USA,United States,A,Annual,G,Gross Domestic Expenditure on R&D (GERD),USD_PPP,"US dollars, PPP converted",Q,Constant prices,IX,Index,2022,,175.2954318,,D,Definition differs,,,,,,,,,0,Units,2007.0,,1,One
DATAFLOW,OECD.STI.STP:DSD_MSTI@DF_MSTI(1.3),Main Science and Technology Indicators (MSTI database),I,USA,United States,A,Annual,G,Gross Domestic Expenditure on R&D (GERD),USD_PPP,"US dollars, PPP converted",Q,Constant prices,IX,Index,2013,,109.5437754,,D,Definition differs,,,,,,,,,0,Units,2007.0,,1,One
DATAFLOW,OECD.STI.STP:DSD_MSTI@DF_MSTI(1.3),Main Science and Technology Indicators (MSTI database),I,JPN,Japan,A,Annual,G,Gross Domestic Expenditure on R&D (GERD),USD_PPP,"US dollars, PPP converted",Q,Constant prices,GY,"Growth rate, over 1 year",2014,,3.016051452,,,,,,,,,,,,0,Units,2020.0,,1,One
DATAFLOW,OECD.STI.STP:DSD_MSTI@DF_MSTI(1.3),Main Science and Technology Indicators (MSTI database),I,JPN,Japan,A,Annual,G,Gross Domestic Expenditure on R&D (GERD),USD_PPP,"US dollars, PPP converted",Q,Constant prices,GY,"Growth rate, over 1 year",2012,,0.37343039,,,,,,,,,,,,0,Units,2020.0,,1,One
DATAFLOW,OECD.STI.STP:DSD_MSTI@DF_MSTI(1.3),Main Science and Technology Indicators (MSTI database),I,JPN,Japan,A,Annual,G,Gross Domestic Expenditure on R&D (GERD),USD_PPP,"US dollars, PPP converted",Q,Constant prices,GY,"Growth rate, over 1 year",2011,,3.258598225,,,,,,,,,,,,0,Units,2020.0,,1,One
DATAFLOW,OECD.STI.STP:DSD_MSTI@DF_MSTI(1.3),Main Science and Technology Indicators (MSTI database),I,JPN,Japan,A,Annual,G,Gross Domestic Expenditure on R&D (GERD),USD_PPP,"US dollars, PPP converted",Q,Constant prices,GY,"Growth rate, over 1 year",2010,,1.13556025,,,,,,,,,,,,0,Units,2020.0,,1,One
DATAFLOW,OECD.STI.STP:DSD_MSTI@DF_MSTI(1.3),Main Science and Technology Indicators (MSTI database),I,JPN,Japan,A,Annual,G,Gross Domestic Expenditure on R&D (GERD),USD_PPP,"US dollars, PPP converted",Q,Constant prices,GY,"Growth rate, over 1 year",2023,,2.690072104,,,,,,,,,,,,0,Units,2020.0,,1,One
DATAFLOW,OECD.STI.STP:DSD_MSTI@DF_MSTI(1.3),Main Science and Technology Indicators (MSTI database),I,JPN,Japan,A,Annual,G,Gross Domestic Expenditure on R&D (GERD),USD_PPP,"US dollars, PPP converted",Q,Constant prices,IX,Index,2011,,94.42365214,,,,,,,,,,,,0,Units,2007.0,,1,One
DATAFLOW,OECD.STI.STP:DSD_MSTI@DF_MSTI(1.3),Main Science and Technology Indicators (MSTI database),I,JPN,Japan,A,Annual,G,Gross Domestic Expenditure on R&D (GERD),USD_PPP,"US dollars, PPP converted",Q,Constant prices,IX,Index,2010,,91.44386401,,,,,,,,,,,,0,Units,2007.0,,1,One
DATAFLOW,OECD.STI.STP:DSD_MSTI@DF_MSTI(1.3),Main Science and Technology Indicators (MSTI database),I,JPN,Japan,A,Annual,G,Gross Domestic Expenditure on R&D (GERD),USD_PPP,"US dollars, PPP converted",Q,Constant prices,IX,Index,2013,,99.88273962,,B,Time series break,,,,,,,,,0,Units,2007.0,,1,One
DATAFLOW,OECD.STI.STP:DSD_MSTI@DF_MSTI(1.3),Main Science and Technology Indicators (MSTI database),I,JPN,Japan,A,Annual,G,Gross Domestic Expenditure on R&D (GERD),USD_PPP,"US dollars, PPP converted",Q,Constant prices,IX,Index,2023,,110.5318171,,,,,,,,,,,,0,Units,2007.0,,1,One
DATAFLOW,OECD.STI.STP:DSD_MSTI@DF_MSTI(1.3),Main Science and Technology Indicators (MSTI database),I,JPN,Japan,A,Annual,G,Gross Domestic Expenditure on R&D (GERD),USD_PPP,"US dollars, PPP converted",Q,Constant prices,IX,Index,2022,,107.6363225,,,,,,,,,,,,0,Units,2007.0,,1,One
DATAFLOW,OECD.STI.STP:DSD_MSTI@DF_MSTI(1.3),Main Science and Technology Indicators (MSTI database),I,JPN,Japan,A,Annual,G,Gross Domestic Expenditure on R&D (GERD),USD_PPP,"US dollars, PPP converted",Q,Constant prices,IX,Index,2021,,102.6587041,,,,,,,,,,,,0,Units,2007.0,,1,One
DATAFLOW,OECD.STI.STP:DSD_MSTI@DF_MSTI(1.3),Main Science and Technology Indicators (MSTI database),I,JPN,Japan,A,Annual,G,Gross Domestic Expenditure on R&D (GERD),USD_PPP,"US dollars, PPP converted",Q,Constant prices,IX,Index,2020,,99.71061143,,,,,,,,,,,,0,Units,2007.0,,1,One
DATAFLOW,OECD.STI.STP:DSD_MSTI@DF_MSTI(1.3),Main Science and Technology Indicators (MSTI database),I,JPN,Japan,A,Annual,G,Gross Domestic Expenditure on R&D (GERD),USD_PPP,"US dollars, PPP converted",Q,Constant prices,IX,Index,2019,,102.5404205,,,,,,,,,,,,0,Units,2007.0,,1,One
DATAFLOW,OECD.STI.STP:DSD_MSTI@DF_MSTI(1.3),Main Science and Technology Indicators (MSTI database),I,JPN,Japan,A,Annual,G,Gross Domestic Expenditure on R&D (GERD),USD_PPP,"US dollars, PPP converted",Q,Constant prices,IX,Index,2017,,100.6471866,,,,,,,,,,,,0,Units,2007.0,,1,One
DATAFLOW,OECD.STI.STP:DSD_MSTI@DF_MSTI(1.3),Main Science and Technology Indicators (MSTI database),I,JPN,Japan,A,Annual,G,Gross Domestic Expenditure on R&D (GERD),USD_PPP,"US dollars, PPP converted",Q,Constant prices,IX,Index,2018,,102.9851388,,B,Time series break,,,,,,,,,0,Units,2007.0,,1,One
DATAFLOW,OECD.STI.STP:DSD_MSTI@DF_MSTI(1.3),Main Science and Technology Indicators (MSTI database),I,JPN,Japan,A,Annual,G,Gross Domestic Expenditure on R&D (GERD),USD_PPP,"US dollars, PPP converted",Q,Constant prices,IX,Index,2016,,97.12242294,,,,,,,,,,,,0,Units,2007.0,,1,One
DATAFLOW,OECD.STI.STP:DSD_MSTI@DF_MSTI(1.3),Main Science and Technology Indicators (MSTI database),I,JPN,Japan,A,Annual,G,Gross Domestic Expenditure on R&D (GERD),USD_PPP,"US dollars, PPP converted",Q,Constant prices,IX,Index,2015,,100.5552001,,,,,,,,,,,,0,Units,2007.0,,1,One
DATAFLOW,OECD.STI.STP:DSD_MSTI@DF_MSTI(1.3),Main Science and Technology Indicators (MSTI database),I,JPN,Japan,A,Annual,G,Gross Domestic Expenditure on R&D (GERD),USD_PPP,"US dollars, PPP converted",Q,Constant prices,IX,Index,2014,,102.8952544,,,,,,,,,,,,0,Units,2007.0,,1,One
DATAFLOW,OECD.STI.STP:DSD_MSTI@DF_MSTI(1.3),Main Science and Technology Indicators (MSTI database),I,DEU,Germany,A,Annual,G,Gross Domestic Expenditure on R&D (GERD),USD_PPP,"US dollars, PPP converted",Q,Constant prices,IX,Index,2015,,128.3232859,,,,,,,,,,,,0,Units,2007.0,,1,One
DATAFLOW,OECD.STI.STP:DSD_MSTI@DF_MSTI(1.3),Main Science and Technology Indicators (MSTI database),I,DEU,Germany,A,Annual,G,Gross Domestic Expenditure on R&D (GERD),USD_PPP,"US dollars, PPP converted",Q,Constant prices,IX,Index,2014,,123.8207024,,,,,,,,,,,,0,Units,2007.0,,1,One
DATAFLOW,OECD.STI.STP:DSD_MSTI@DF_MSTI(1.3),Main Science and Technology Indicators (MSTI database),I,DEU,Germany,A,Annual,G,Gross Domestic Expenditure on R&D (GERD),USD_PPP,"US dollars, PPP converted",Q,Constant prices,IX,Index,2013,,119.4089302,,,,,,,,,,,,0,Units,2007.0,,1,One
DATAFLOW,OECD.STI.STP:DSD_MSTI@DF_MSTI(1.3),Main Science and Technology Indicators (MSTI database),I,DEU,Germany,A,Annual,G,Gross Domestic Expenditure on R&D (GERD),USD_PPP,"US dollars, PPP converted",Q,Constant prices,IX,Index,2012,,120.8454216,,,,,,,,,,,,0,Units,2007.0,,1,One
DATAFLOW,OECD.STI.STP:DSD_MSTI@DF_MSTI(1.3),Main Science and Technology Indicators (MSTI database),I,DEU,Germany,A,Annual,G,Gross Domestic Expenditure on R&D (GERD),USD_PPP,"US dollars, PPP converted",Q,Constant prices,IX,Index,2011,,117.0890141,,,,,,,,,,,,0,Units,2007.0,,1,One
DATAFLOW,OECD.STI.STP:DSD_MSTI@DF_MSTI(1.3),Main Science and Technology Indicators (MSTI database),I,DEU,Germany,A,Annual,G,Gross Domestic Expenditure on R&D (GERD),USD_PPP,"US dollars, PPP converted",Q,Constant prices,IX,Index,2023,,149.3658069,,P,Provisional value,,,,,,,,,0,Units,2007.0,,1,One
DATAFLOW,OECD.STI.STP:DSD_MSTI@DF_MSTI(1.3),Main Science and Technology Indicators (MSTI database),I,DEU,Germany,A,Annual,G,Gross Domestic Expenditure on R&D (GERD),USD_PPP,"US dollars, PPP converted",Q,Constant prices,IX,Index,2022,,148.110938,,P,Provisional value,,,,,,,,,0,Units,2007.0,,1,One
DATAFLOW,OECD.STI.STP:DSD_MSTI@DF_MSTI(1.3),Main Science and Technology Indicators (MSTI database),I,DEU,Germany,A,Annual,G,Gross Domestic Expenditure on R&D (GERD),USD_PPP,"US dollars, PPP converted",Q,Constant prices,IX,Index,2021,,146.4731004,,P,Provisional value,,,,,,,,,0,Units,2007.0,,1,One
DATAFLOW,OECD.STI.STP:DSD_MSTI@DF_MSTI(1.3),Main Science and Technology Indicators (MSTI database),I,DEU,Germany,A,Annual,G,Gross Domestic Expenditure on R&D (GERD),USD_PPP,"US dollars, PPP converted",Q,Constant prices,IX,Index,2010,,109.8185672,,,,,,,,,,,,0,Units,2007.0,,1,One
DATAFLOW,OECD.STI.STP:DSD_MSTI@DF_MSTI(1.3),Main Science and Technology Indicators (MSTI database),I,DEU,Germany,A,Annual,G,Gross Domestic Expenditure on R&D (GERD),USD_PPP,"US dollars, PPP converted",Q,Constant prices,IX,Index,2020,,141.7972362,,,,,,,,,,,,0,Units,2007.0,,1,One
DATAFLOW,OECD.STI.STP:DSD_MSTI@DF_MSTI(1.3),Main Science and Technology Indicators (MSTI database),I,DEU,Germany,A,Annual,G,Gross Domestic Expenditure on R&D (GERD),USD_PPP,"US dollars, PPP converted",Q,Constant prices,IX,Index,2019,,148.9460171,,,,,,,,,,,,0,Units,2007.0,,1,One
DATAFLOW,OECD.STI.STP:DSD_MSTI@DF_MSTI(1.3),Main Science and Technology Indicators (MSTI database),I,DEU,Germany,A,Annual,G,Gross Domestic Expenditure on R&D (GERD),USD_PPP,"US dollars, PPP converted",Q,Constant prices,IX,Index,2018,,144.5514159,,,,,,,,,,,,0,Units,2007.0,,1,One
DATAFLOW,OECD.STI.STP:DSD_MSTI@DF_MSTI(1.3),Main Science and Technology Indicators (MSTI database),I,DEU,Germany,A,Annual,G,Gross Domestic Expenditure on R&D (GERD),USD_PPP,"US dollars, PPP converted",Q,Constant prices,IX,Index,2017,,140.0514282,,,,,,,,,,,,0,Units,2007.0,,1,One
DATAFLOW,OECD.STI.STP:DSD_MSTI@DF_MSTI(1.3),Main Science and Technology Indicators (MSTI database),I,USA,United States,A,Annual,G,Gross Domestic Expenditure on R&D (GERD),USD_PPP,"US dollars, PPP converted",Q,Constant prices,IX,Index,2021,,170.0946892,,B,Time series break,D,Definition differs,,,,,,,0,Units,2007.0,,1,One
DATAFLOW,OECD.STI.STP:DSD_MSTI@DF_MSTI(1.3),Main Science and Technology Indicators (MSTI database),I,AUS,Australia,A,Annual,G,Gross Domestic Expenditure on R&D (GERD),USD_PPP,"US dollars, PPP converted",Q,Constant prices,GY,"Growth rate, over 1 year",2011,,0.717333954,,E,Estimated value,,,,,,,,,0,Units,2020.0,,1,One
DATAFLOW,OECD.STI.STP:DSD_MSTI@DF_MSTI(1.3),Main Science and Technology Indicators (MSTI database),I,USA,United States,A,Annual,G,Gross Domestic Expenditure on R&D (GERD),USD_PPP,"US dollars, PPP converted",Q,Constant prices,GY,"Growth rate, over 1 year",2010,,-0.15086052,,D,Definition differs,,,,,,,,,0,Units,2020.0,,1,One
DATAFLOW,OECD.STI.STP:DSD_MSTI@DF_MSTI(1.3),Main Science and Technology Indicators (MSTI database),I,DEU,Germany,A,Annual,G,Gross Domestic Expenditure on R&D (GERD),USD_PPP,"US dollars, PPP converted",Q,Constant prices,GY,"Growth rate, over 1 year",2021,,3.297570755,,P,Provisional value,,,,,,,,,0,Units,2020.0,,1,One
DATAFLOW,OECD.STI.STP:DSD_MSTI@DF_MSTI(1.3),Main Science and Technology Indicators (MSTI database),I,JPN,Japan,A,Annual,G,Gross Domestic Expenditure on R&D (GERD),USD_PPP,"US dollars, PPP converted",Q,Constant prices,GY,"Growth rate, over 1 year",2022,,4.848705587,,,,,,,,,,,,0,Units,2020.0,,1,One
DATAFLOW,OECD.STI.STP:DSD_MSTI@DF_MSTI(1.3),Main Science and Technology Indicators (MSTI database),I,JPN,Japan,A,Annual,G,Gross Domestic Expenditure on R&D (GERD),USD_PPP,"US dollars, PPP converted",Q,Constant prices,IX,Index,2012,,94.77625875,,,,,,,,,,,,0,Units,2007.0,,1,One
DATAFLOW,OECD.STI.STP:DSD_MSTI@DF_MSTI(1.3),Main Science and Technology Indicators (MSTI database),I,DEU,Germany,A,Annual,G,Gross Domestic Expenditure on R&D (GERD),USD_PPP,"US dollars, PPP converted",Q,Constant prices,IX,Index,2016,,131.572734,,,,,,,,,,,,0,Units,2007.0,,1,One
DATAFLOW,OECD.STI.STP:DSD_MSTI@DF_MSTI(1.3),Main Science and Technology Indicators (MSTI database),I,AUS,Australia,A,Annual,G,Gross Domestic Expenditure on R&D (GERD),USD_PPP,"US dollars, PPP converted",Q,Constant prices,GY,"Growth rate, over 1 year",2013,,2.126822323,,E,Estimated value,,,,,,,,,0,Units,2020.0,,1,One
DATAFLOW,OECD.STI.STP:DSD_MSTI@DF_MSTI(1.3),Main Science and Technology Indicators (MSTI database),I,USA,United States,A,Annual,G,Gross Domestic Expenditure on R&D (GERD),USD_PPP,"US dollars, PPP converted",Q,Constant prices,GY,"Growth rate, over 1 year",2020,,6.394524187,,D,Definition differs,,,,,,,,,0,Units,2020.0,,1,One
DATAFLOW,OECD.STI.STP:DSD_MSTI@DF_MSTI(1.3),Main Science and Technology Indicators (MSTI database),I,JPN,Japan,A,Annual,G,Gross Domestic Expenditure on R&D (GERD),USD_PPP,"US dollars, PPP converted",V,Current prices,_Z,Not applicable,2011,,148389.2294,,,,,,,,,,,,6,Millions,,,0,Zero
DATAFLOW,OECD.STI.STP:DSD_MSTI@DF_MSTI(1.3),Main Science and Technology Indicators (MSTI database),I,USA,United States,A,Annual,G,Gross Domestic Expenditure on R&D (GERD),USD_PPP,"US dollars, PPP converted",Q,Constant prices,GY,"Growth rate, over 1 year",2019,,7.848076002,,D,Definition differs,,,,,,,,,0,Units,2020.0,,1,One
